text,label
"Scientists have officially confirmed that this new vaccine reduces hospitalization rates by around 40% based on a peer-reviewed clinical trial published last month.",0
"They don't want you to know this, but the vaccine is actually a tool the elites are using to track and control the population.",1
"The city council approved the new metro line extension after a six-month public consultation and budget review.",0
"Wake up! The government secretly controls the weather using hidden technology, and mainstream media will never tell you the truth about it.",1
"The unemployment rate fell to 4.2% last quarter according to the latest labor bureau report.",0
"It's not a coincidence that every major world event happens right when they need a distraction. Connect the dots, sheeple.",1
"NASA released new images from the James Webb telescope showing a distant galaxy cluster.",0
"The moon landing was completely staged by the government to win the space race against the Soviets, and NASA has been covering it up for decades.",1
"Researchers at the university published a study linking sleep quality to memory retention in adults.",0
"Big Pharma is hiding the cure for cancer because they make more money keeping people sick forever. Do your own research.",1
"The company reported quarterly earnings that slightly exceeded analyst expectations.",0
"Everything you've been taught about history is a lie designed by a secret group to keep the masses obedient and ignorant.",1
"Local farmers reported a strong harvest this year due to favorable rainfall patterns.",0
"The mainstream media is completely controlled by a handful of powerful families who decide what you're allowed to think.",1
"A new bridge connecting the two districts is expected to open by the end of the year.",0
"They engineered this crisis on purpose. It's all part of a bigger plan they've been building for decades, and no one is talking about it.",1
"The museum's new exhibit features artifacts from the early Bronze Age.",0
"Chemtrails are being sprayed by planes to control our minds and no scientist will admit it because they're all paid off.",1
"The central bank kept interest rates unchanged at its latest policy meeting.",0
"5G towers are secretly being used to monitor your thoughts, and telecom companies know it but stay silent for profit.",1
"The school district announced new after-school programs starting next semester.",0
"The real reason for the blackout was never released to the public. They're hiding something huge and don't want panic.",1
"A recent survey found that most college students prefer hybrid learning formats.",0
"None of this is random. Every world leader is secretly working together in a shadow government that answers to no one.",1
"The train service will be temporarily suspended for scheduled maintenance this weekend.",0
"The official explanation makes no sense if you actually think about it. There's clearly a hidden agenda they're not telling us.",1
"Doctors recommend regular exercise and a balanced diet to reduce the risk of heart disease.",0
"Everyone who tries to expose the truth about this ends up silenced, discredited, or worse. That alone should tell you something.",1
"The film received positive reviews for its cinematography and lead performances.",0
"The election results were manipulated behind closed doors by a small group who control the outcome no matter who votes.",1
"A local bakery has been recognized for its community outreach programs.",0
"Once you see the pattern, you can't unsee it. They've been planning this since before any of us were born.",1
"The state released its annual report on road safety improvements.",0
"Independent researchers who question the official story are always mysteriously discredited or lose their funding overnight.",1
"The library extended its weekend hours to accommodate more student visitors.",0
"The official statistics are fabricated to hide the real numbers, which the government doesn't want the public to ever see.",1
"A new species of frog was discovered in a remote rainforest region.",0
"This isn't about safety at all, it's about control. Follow the money and you'll see who really benefits from all this.",1
"The company launched a new recycling initiative across its regional offices.",0
"Ask yourself why the media never questions this. It's because they're all part of the same system working against ordinary people.",1
"The annual marathon attracted thousands of participants from across the country.",0
"They rewrote the textbooks to erase what really happened, and now most people have no idea about the true history.",1
"A new water treatment facility began operations this month to serve the growing population.",0
"The so-called experts are just puppets repeating whatever they're told to say by the people who really run things.",1
"The theater company announced its lineup for the upcoming season.",0
"If you look closely, the timing of every announcement lines up perfectly with what they need you distracted from.",1
"The hospital opened a new wing dedicated to pediatric care.",0
"Nothing happens by accident. Every 'random' event is carefully orchestrated by people whose names you'll never know.",1
"The tech company released a software update fixing several security vulnerabilities.",0
"They control what you see, what you buy, and even what you believe, and most people don't even realize it's happening.",1
"A community garden project was launched to promote sustainable urban farming.",0
"The truth is being buried on purpose. Anyone who says otherwise is either lying to you or doesn't know the real story.",1
